blind_id,trial_id,arm_id,direction,order
B0001,giraffe-within-trajectory-v1-main--0060,neutral_no_direction,,60
B0002,giraffe-within-trajectory-v1-main--0037,disliked_no_direction,,37
B0003,giraffe-within-trajectory-v1-main--0015,neutral_no_direction,,15
B0004,giraffe-within-trajectory-v1-main--0054,disliked_higher_escape,higher,54
B0005,giraffe-within-trajectory-v1-main--0033,disliked_no_direction,,33
B0006,giraffe-within-trajectory-v1-main--0052,neutral_no_direction,,52
B0007,giraffe-within-trajectory-v1-main--0024,disliked_higher_escape,higher,24
B0008,giraffe-within-trajectory-v1-main--0049,disliked_lower_escape,lower,49
B0009,giraffe-within-trajectory-v1-main--0077,neutral_no_direction,,77
B0010,giraffe-within-trajectory-v1-main--0007,disliked_higher_escape,higher,7
B0011,giraffe-within-trajectory-v1-main--0058,disliked_no_direction,,58
B0012,giraffe-within-trajectory-v1-main--0021,neutral_no_direction,,21
B0013,giraffe-within-trajectory-v1-main--0042,disliked_lower_escape,lower,42
B0014,giraffe-within-trajectory-v1-main--0002,neutral_no_direction,,2
B0015,giraffe-within-trajectory-v1-main--0028,neutral_no_direction,,28
B0016,giraffe-within-trajectory-v1-main--0079,neutral_no_direction,,79
B0017,giraffe-within-trajectory-v1-main--0071,disliked_lower_escape,lower,71
B0018,giraffe-within-trajectory-v1-main--0018,disliked_lower_escape,lower,18
B0019,giraffe-within-trajectory-v1-main--0050,disliked_lower_escape,lower,50
B0020,giraffe-within-trajectory-v1-main--0031,disliked_higher_escape,higher,31
B0021,giraffe-within-trajectory-v1-main--0016,disliked_lower_escape,lower,16
B0022,giraffe-within-trajectory-v1-main--0010,neutral_no_direction,,10
B0023,giraffe-within-trajectory-v1-main--0025,disliked_no_direction,,25
B0024,giraffe-within-trajectory-v1-main--0059,disliked_no_direction,,59
B0025,giraffe-within-trajectory-v1-main--0064,disliked_higher_escape,higher,64
B0026,giraffe-within-trajectory-v1-main--0043,neutral_no_direction,,43
B0027,giraffe-within-trajectory-v1-main--0041,disliked_higher_escape,higher,41
B0028,giraffe-within-trajectory-v1-main--0047,disliked_lower_escape,lower,47
B0029,giraffe-within-trajectory-v1-main--0044,disliked_lower_escape,lower,44
B0030,giraffe-within-trajectory-v1-main--0073,disliked_higher_escape,higher,73
B0031,giraffe-within-trajectory-v1-main--0029,disliked_higher_escape,higher,29
B0032,giraffe-within-trajectory-v1-main--0080,disliked_higher_escape,higher,80
B0033,giraffe-within-trajectory-v1-main--0066,disliked_no_direction,,66
B0034,giraffe-within-trajectory-v1-main--0051,disliked_higher_escape,higher,51
B0035,giraffe-within-trajectory-v1-main--0034,disliked_lower_escape,lower,34
B0036,giraffe-within-trajectory-v1-main--0030,neutral_no_direction,,30
B0037,giraffe-within-trajectory-v1-main--0001,neutral_no_direction,,1
B0038,giraffe-within-trajectory-v1-main--0035,disliked_lower_escape,lower,35
B0039,giraffe-within-trajectory-v1-main--0069,disliked_lower_escape,lower,69
B0040,giraffe-within-trajectory-v1-main--0055,disliked_higher_escape,higher,55
B0041,giraffe-within-trajectory-v1-main--0061,disliked_higher_escape,higher,61
B0042,giraffe-within-trajectory-v1-main--0062,disliked_no_direction,,62
B0043,giraffe-within-trajectory-v1-main--0075,disliked_higher_escape,higher,75
B0044,giraffe-within-trajectory-v1-main--0074,disliked_no_direction,,74
B0045,giraffe-within-trajectory-v1-main--0023,disliked_no_direction,,23
B0046,giraffe-within-trajectory-v1-main--0012,disliked_lower_escape,lower,12
B0047,giraffe-within-trajectory-v1-main--0040,neutral_no_direction,,40
B0048,giraffe-within-trajectory-v1-main--0011,disliked_no_direction,,11
B0049,giraffe-within-trajectory-v1-main--0068,disliked_lower_escape,lower,68
B0050,giraffe-within-trajectory-v1-main--0039,disliked_no_direction,,39
B0051,giraffe-within-trajectory-v1-main--0022,disliked_no_direction,,22
B0052,giraffe-within-trajectory-v1-main--0056,disliked_higher_escape,higher,56
B0053,giraffe-within-trajectory-v1-main--0026,disliked_no_direction,,26
B0054,giraffe-within-trajectory-v1-main--0005,disliked_higher_escape,higher,5
B0055,giraffe-within-trajectory-v1-main--0053,disliked_lower_escape,lower,53
B0056,giraffe-within-trajectory-v1-main--0032,disliked_no_direction,,32
B0057,giraffe-within-trajectory-v1-main--0057,disliked_no_direction,,57
B0058,giraffe-within-trajectory-v1-main--0078,disliked_no_direction,,78
B0059,giraffe-within-trajectory-v1-main--0004,disliked_higher_escape,higher,4
B0060,giraffe-within-trajectory-v1-main--0020,disliked_higher_escape,higher,20
B0061,giraffe-within-trajectory-v1-main--0072,neutral_no_direction,,72
B0062,giraffe-within-trajectory-v1-main--0009,disliked_no_direction,,9
B0063,giraffe-within-trajectory-v1-main--0038,disliked_higher_escape,higher,38
B0064,giraffe-within-trajectory-v1-main--0003,neutral_no_direction,,3
B0065,giraffe-within-trajectory-v1-main--0048,disliked_no_direction,,48
B0066,giraffe-within-trajectory-v1-main--0045,neutral_no_direction,,45
B0067,giraffe-within-trajectory-v1-main--0006,disliked_lower_escape,lower,6
B0068,giraffe-within-trajectory-v1-main--0065,disliked_lower_escape,lower,65
B0069,giraffe-within-trajectory-v1-main--0063,neutral_no_direction,,63
B0070,giraffe-within-trajectory-v1-main--0013,disliked_lower_escape,lower,13
B0071,giraffe-within-trajectory-v1-main--0027,disliked_no_direction,,27
B0072,giraffe-within-trajectory-v1-main--0046,neutral_no_direction,,46
B0073,giraffe-within-trajectory-v1-main--0036,disliked_higher_escape,higher,36
B0074,giraffe-within-trajectory-v1-main--0008,disliked_lower_escape,lower,8
B0075,giraffe-within-trajectory-v1-main--0076,disliked_no_direction,,76
B0076,giraffe-within-trajectory-v1-main--0019,disliked_higher_escape,higher,19
B0077,giraffe-within-trajectory-v1-main--0070,neutral_no_direction,,70
B0078,giraffe-within-trajectory-v1-main--0017,disliked_lower_escape,lower,17
B0079,giraffe-within-trajectory-v1-main--0014,disliked_lower_escape,lower,14
B0080,giraffe-within-trajectory-v1-main--0067,neutral_no_direction,,67
